ID	Description	GeneRatio	BgRatio	pvalue	p.adjust	qvalue	geneID	Count
ko03050	ko03050	35/1220	36/2814	3.1506727194088495e-12	1.0113659429302407e-9	1.004898772611454e-9	lcl|NW_015622508.1_cds_XP_016221072.1_7719/lcl|NW_015622505.1_cds_XP_016226191.1_2652/lcl|NW_015622506.1_cds_XP_016224598.1_4789/lcl|NW_015622509.1_cds_XP_016219938.1_9006/lcl|NW_015622505.1_cds_XP_016226044.1_2505/lcl|NW_015622505.1_cds_XP_016225862.1_2323/lcl|NW_015622508.1_cds_XP_016222189.1_8836/lcl|NW_015622505.1_cds_XP_016226930.1_3391/lcl|NW_015622504.1_cds_XP_016227774.1_104/lcl|NW_015622504.1_cds_XP_016228675.1_1005/lcl|NW_015622505.1_cds_XP_016226879.1_3340/lcl|NW_015622504.1_cds_XP_016229226.1_1556/lcl|NW_015622508.1_cds_XP_016221474.1_8121/lcl|NW_015622507.1_cds_XP_016222927.1_6613/lcl|NW_015622507.1_cds_XP_016223779.1_7465/lcl|NW_015622506.1_cds_XP_016225610.1_5801/lcl|NW_015622508.1_cds_XP_016221991.1_8638/lcl|NW_015622505.1_cds_XP_016226151.1_2612/lcl|NW_015622507.1_cds_XP_016222609.1_6295/lcl|NW_015622504.1_cds_XP_016229735.1_2065/lcl|NW_015622505.1_cds_XP_016225920.1_2381/lcl|NW_015622505.1_cds_XP_016226279.1_2740/lcl|NW_015622504.1_cds_XP_016227804.1_134/lcl|NW_015622505.1_cds_XP_016226536.1_2997/lcl|NW_015622506.1_cds_XP_016225512.1_5703/lcl|NW_015622507.1_cds_XP_016222992.1_6678/lcl|NW_015622504.1_cds_XP_016228361.1_691/lcl|NW_015622511.1_cds_XP_016219582.1_10290/lcl|NW_015622506.1_cds_XP_016225237.1_5428/lcl|NW_015622505.1_cds_XP_016227257.1_3718/lcl|NW_015622504.1_cds_XP_016227932.1_262/lcl|NW_015622504.1_cds_XP_016228010.1_340/lcl|NW_015622506.1_cds_XP_016224675.1_4866/lcl|NW_015622505.1_cds_XP_016227080.1_3541/lcl|NW_015622509.1_cds_XP_016220589.1_9657	35
